question,answer
xin chao,Chào bạn! Shop Bống xin chào 🥰
shop la gi,Shop Bống chuyên bán quần áo thời trang trẻ trung cho học sinh sinh viên
shop o dau,Shop ở Hà Nội và bán online toàn quốc
gia san pham,Giá sản phẩm từ 100k đến 500k tùy loại
co uy tin khong,Shop được nhiều khách hàng đánh giá tốt
co duoc thu do khong,Shop hỗ trợ thử đồ tại cửa hàng
doi tra the nao,Đổi trả trong 7 ngày nếu lỗi
ship bao lau,Giao hàng từ 2-5 ngày
phi ship bao nhieu,Phí ship từ 20k-40k
co freeship khong,Freeship đơn trên 300k
con hang khong,Sản phẩm luôn cập nhật liên tục
co size s khong,Một số sản phẩm có size S bạn hỏi cụ thể nhé
shop ban cho ai,Shop có cả đồ nam và nữ
dat hang nhu the nao,Bạn đặt hàng qua web hoặc nhắn tin